<?xml version="1.0" encoding="UTF-8"?><ValueSet xmlns="http://hl7.org/fhir"><id value="TypeCarteVS"/><text><status value="generated"/><div xmlns="http://www.w3.org/1999/xhtml"><p class="res-header-id"><b>Generated Narrative: ValueSet TypeCarteVS</b></p><a name="TypeCarteVS"> </a><a name="hcTypeCarteVS"> </a><a name="TypeCarteVS-fr-FR"> </a><ul><li>Include all codes defined in <a href="CodeSystem-type-carte-code-system.html"><code>https://interop.esante.gouv.fr/ig/fhir/medication-example/CodeSystem/type-carte-code-system</code></a></li></ul></div></text><url value="https://interop.esante.gouv.fr/ig/fhir/medication-example/ValueSet/TypeCarteVS"/><version value="0.1.0"/><name value="TypeCarteVS"/><title value="Type Carte Value Set"/><status value="draft"/><date value="2024-12-27T12:39:21+00:00"/><publisher value="Agence du Numérique en Santé (ANS) - 2-10 Rue d'Oradour-sur-Glane, 75015 Paris"/><contact><name value="Agence du Numérique en Santé (ANS) - 2-10 Rue d'Oradour-sur-Glane, 75015 Paris"/><telecom><system value="url"/><value value="https://esante.gouv.fr"/></telecom></contact><description value="Type Carte Value Set."/><jurisdiction><coding><system value="urn:iso:std:iso:3166"/><code value="FR"/><display value="FRANCE"/></coding></jurisdiction><compose><include><system value="https://interop.esante.gouv.fr/ig/fhir/medication-example/CodeSystem/type-carte-code-system"/></include></compose></ValueSet>