{
  "resourceType" : "Bundle",
  "id" : "0df5c756-dab8-4987-8863-832ea984a3bc",
  "meta" : {
    "lastUpdated" : "2024-12-27T12:39:21.171+00:00"
  },
  "type" : "collection",
  "entry" : [{
    "fullUrl" : "https://interop.esante.gouv.fr/ig/fhir/medication-example/ValueSet/EyeColorVS",
    "resource" : {
      "resourceType" : "ValueSet",
      "text" : {
        "status" : "generated",
        "div" : "<div xmlns=\"http://www.w3.org/1999/xhtml\"><p class=\"res-header-id\"><b>Generated Narrative: ValueSet </b></p><p style=\"border: black 1px dotted; background-color: #EEEEEE; padding: 8px; margin-bottom: 8px\">Expansion based on SNOMED CT International edition 01-Aug 2024</p><p>This value set contains 3 concepts</p><table class=\"codes\"><tr><td style=\"white-space:nowrap\"><b>Code</b></td><td><b>System</b></td><td><b>Display</b></td><td><b>Inactive</b></td></tr><tr><td style=\"white-space:nowrap\"><a name=\"x-http://snomed.info/sct-405738005\"> </a>\u00a0\u00a0<a href=\"http://snomed.info/id/405738005\">405738005</a></td><td>http://snomed.info/sct</td><td>Blue color (qualifier value)</td><td/></tr><tr><td style=\"white-space:nowrap\"><a name=\"x-http://snomed.info/sct-371254008\"> </a>\u00a0\u00a0<a href=\"http://snomed.info/id/371254008\">371254008</a></td><td>http://snomed.info/sct</td><td>Brown color (qualifier value)</td><td/></tr><tr><td style=\"white-space:nowrap\"><a name=\"x-http://snomed.info/sct-54662009\"> </a>\u00a0\u00a0<a href=\"http://snomed.info/id/54662009\">54662009</a></td><td>http://snomed.info/sct</td><td>Green color</td><td>inactive</td></tr></table></div>"
      },
      "url" : "https://interop.esante.gouv.fr/ig/fhir/medication-example/ValueSet/EyeColorVS",
      "version" : "0.1.0",
      "name" : "EyeColorVS",
      "title" : "EyeColor Value Set",
      "status" : "draft",
      "date" : "2024-12-27T12:39:21+00:00",
      "jurisdiction" : [{
        "coding" : [{
          "system" : "urn:iso:std:iso:3166",
          "code" : "FR",
          "display" : "FRANCE"
        }]
      }],
      "expansion" : {
        "identifier" : "urn:uuid:1d6a6472-ffac-49db-ab68-6b8727aee5fb",
        "timestamp" : "2024-12-27T12:39:34+00:00",
        "total" : 3,
        "offset" : 0,
        "parameter" : [{
          "name" : "count",
          "valueInteger" : 1000
        },
        {
          "name" : "offset",
          "valueInteger" : 0
        },
        {
          "name" : "excludeNested",
          "valueBoolean" : false
        },
        {
          "name" : "used-valueset",
          "valueUri" : "null"
        },
        {
          "name" : "used-codesystem",
          "valueUri" : "http://snomed.info/sct|http://snomed.info/sct/900000000000207008/version/20240801"
        },
        {
          "name" : "version",
          "valueUri" : "http://snomed.info/sct|http://snomed.info/sct/900000000000207008/version/20240801"
        }],
        "contains" : [{
          "system" : "http://snomed.info/sct",
          "code" : "405738005",
          "display" : "Blue color (qualifier value)"
        },
        {
          "system" : "http://snomed.info/sct",
          "code" : "371254008",
          "display" : "Brown color (qualifier value)"
        },
        {
          "system" : "http://snomed.info/sct",
          "inactive" : true,
          "code" : "54662009",
          "display" : "Green color"
        }]
      }
    }
  },
  {
    "fullUrl" : "https://interop.esante.gouv.fr/ig/fhir/medication-example/ValueSet/MeltingPotVS",
    "resource" : {
      "resourceType" : "ValueSet",
      "text" : {
        "status" : "generated",
        "div" : "<div xmlns=\"http://www.w3.org/1999/xhtml\"><p class=\"res-header-id\"><b>Generated Narrative: ValueSet </b></p><div style=\"border: black 1px dotted; background-color: #EEEEEE; padding: 8px; margin-bottom: 8px\"><p>Expansion based on:</p><ul><li>SNOMED CT International edition 01-Aug 2024</li><li><a href=\"CodeSystem-competence-code-system.html\">codesystem Compétences CodeSystem v0.1.0 (CodeSystem)</a></li><li><a href=\"CodeSystem-type-carte-code-system.html\">codesystem Type de carte v0.1.0 (CodeSystem)</a></li></ul></div><p>This value set contains 7 concepts</p><table class=\"codes\"><tr><td style=\"white-space:nowrap\"><b>Code</b></td><td><b>System</b></td><td><b>Display</b></td><td><b>Definition</b></td></tr><tr><td style=\"white-space:nowrap\"><a name=\"x-http://snomed.info/sct-405738005\"> </a>\u00a0\u00a0<a href=\"http://snomed.info/id/405738005\">405738005</a></td><td>http://snomed.info/sct</td><td>Blue color (qualifier value)</td><td><div/></td></tr><tr><td style=\"white-space:nowrap\"><a name=\"x-http://snomed.info/sct-371254008\"> </a>\u00a0\u00a0<a href=\"http://snomed.info/id/371254008\">371254008</a></td><td>http://snomed.info/sct</td><td>Brown color (qualifier value)</td><td><div/></td></tr><tr><td style=\"white-space:nowrap\"><a name=\"x-https://interop.esante.gouv.fr/ig/fhir/medication-example/CodeSystem/competence-code-system-C01\"> </a>\u00a0\u00a0<a href=\"CodeSystem-competence-code-system.html#competence-code-system-C01\">C01</a></td><td>https://interop.esante.gouv.fr/ig/fhir/medication-example/CodeSystem/competence-code-system</td><td>Anatomie et Cytologie pathologiques humaines</td><td><div><p>Anatomie, Cyto patho;Anatomie et Cytologie pathologiques humaines</p>\n</div></td></tr><tr><td style=\"white-space:nowrap\"><a name=\"x-https://interop.esante.gouv.fr/ig/fhir/medication-example/CodeSystem/type-carte-code-system-CPA\"> </a>\u00a0\u00a0<a href=\"CodeSystem-type-carte-code-system.html#type-carte-code-system-CPA\">CPA</a></td><td>https://interop.esante.gouv.fr/ig/fhir/medication-example/CodeSystem/type-carte-code-system</td><td>Carte de Personnel Autorisé</td><td><div><p>La carte d'un personnel autorisé (CDA/CPA)</p>\n</div></td></tr><tr><td style=\"white-space:nowrap\"><a name=\"x-https://interop.esante.gouv.fr/ig/fhir/medication-example/CodeSystem/type-carte-code-system-CPE\"> </a>\u00a0\u00a0<a href=\"CodeSystem-type-carte-code-system.html#type-carte-code-system-CPE\">CPE</a></td><td>https://interop.esante.gouv.fr/ig/fhir/medication-example/CodeSystem/type-carte-code-system</td><td>Carte de Personnel d'Etablissement</td><td><div><p>La Carte de Personnel d'Etablissement de santé (CDE/CPE).</p>\n</div></td></tr><tr><td style=\"white-space:nowrap\"><a name=\"x-https://interop.esante.gouv.fr/ig/fhir/medication-example/CodeSystem/type-carte-code-system-CPF\"> </a>\u00a0\u00a0<a href=\"CodeSystem-type-carte-code-system.html#type-carte-code-system-CPF\">CPF</a></td><td>https://interop.esante.gouv.fr/ig/fhir/medication-example/CodeSystem/type-carte-code-system</td><td>Carte de Professionnel de Santé en Formation</td><td><div><p>La Carte de Professionnel de Santé en Formation (CPF).</p>\n</div></td></tr><tr><td style=\"white-space:nowrap\"><a name=\"x-https://interop.esante.gouv.fr/ig/fhir/medication-example/CodeSystem/type-carte-code-system-CPS\"> </a>\u00a0\u00a0<a href=\"CodeSystem-type-carte-code-system.html#type-carte-code-system-CPS\">CPS</a></td><td>https://interop.esante.gouv.fr/ig/fhir/medication-example/CodeSystem/type-carte-code-system</td><td>Carte de Professionnel de Santé</td><td><div><p>La Carte de Professionnel de Santé (CPS).</p>\n</div></td></tr></table></div>"
      },
      "url" : "https://interop.esante.gouv.fr/ig/fhir/medication-example/ValueSet/MeltingPotVS",
      "version" : "0.1.0",
      "name" : "MeltingPotVS",
      "title" : "Melting Pot Value Set",
      "status" : "draft",
      "date" : "2024-12-27T12:39:21+00:00",
      "jurisdiction" : [{
        "coding" : [{
          "system" : "urn:iso:std:iso:3166",
          "code" : "FR",
          "display" : "FRANCE"
        }]
      }],
      "expansion" : {
        "identifier" : "urn:uuid:baeed635-97d0-4319-81cf-f99474819883",
        "timestamp" : "2024-12-27T12:39:35+00:00",
        "total" : 7,
        "offset" : 0,
        "parameter" : [{
          "name" : "count",
          "valueInteger" : 1000
        },
        {
          "name" : "offset",
          "valueInteger" : 0
        },
        {
          "name" : "excludeNested",
          "valueBoolean" : false
        },
        {
          "name" : "used-valueset",
          "valueUri" : "null"
        },
        {
          "name" : "used-codesystem",
          "valueUri" : "http://snomed.info/sct|http://snomed.info/sct/900000000000207008/version/20240801"
        },
        {
          "name" : "version",
          "valueUri" : "http://snomed.info/sct|http://snomed.info/sct/900000000000207008/version/20240801"
        },
        {
          "name" : "used-codesystem",
          "valueUri" : "https://interop.esante.gouv.fr/ig/fhir/medication-example/CodeSystem/competence-code-system|0.1.0"
        },
        {
          "name" : "used-codesystem",
          "valueUri" : "https://interop.esante.gouv.fr/ig/fhir/medication-example/CodeSystem/type-carte-code-system|0.1.0"
        }],
        "contains" : [{
          "system" : "http://snomed.info/sct",
          "code" : "405738005",
          "display" : "Blue color (qualifier value)"
        },
        {
          "system" : "http://snomed.info/sct",
          "code" : "371254008",
          "display" : "Brown color (qualifier value)"
        },
        {
          "system" : "https://interop.esante.gouv.fr/ig/fhir/medication-example/CodeSystem/competence-code-system",
          "code" : "C01",
          "display" : "Anatomie et Cytologie pathologiques humaines"
        },
        {
          "system" : "https://interop.esante.gouv.fr/ig/fhir/medication-example/CodeSystem/type-carte-code-system",
          "code" : "CPA",
          "display" : "Carte de Personnel Autorisé"
        },
        {
          "system" : "https://interop.esante.gouv.fr/ig/fhir/medication-example/CodeSystem/type-carte-code-system",
          "code" : "CPE",
          "display" : "Carte de Personnel d'Etablissement"
        },
        {
          "system" : "https://interop.esante.gouv.fr/ig/fhir/medication-example/CodeSystem/type-carte-code-system",
          "code" : "CPF",
          "display" : "Carte de Professionnel de Santé en Formation"
        },
        {
          "system" : "https://interop.esante.gouv.fr/ig/fhir/medication-example/CodeSystem/type-carte-code-system",
          "code" : "CPS",
          "display" : "Carte de Professionnel de Santé"
        }]
      }
    }
  },
  {
    "fullUrl" : "https://interop.esante.gouv.fr/ig/fhir/medication-example/ValueSet/ModifiedAdministrativeGender",
    "resource" : {
      "resourceType" : "ValueSet",
      "text" : {
        "status" : "generated",
        "div" : "<div xmlns=\"http://www.w3.org/1999/xhtml\"><p class=\"res-header-id\"><b>Generated Narrative: ValueSet </b></p><p style=\"border: black 1px dotted; background-color: #EEEEEE; padding: 8px; margin-bottom: 8px\">Expansion based on <a href=\"http://hl7.org/fhir/R4/codesystem-administrative-gender.html\">codesystem AdministrativeGender v4.0.1 (CodeSystem)</a></p><p>This value set contains 3 concepts</p><table class=\"codes\"><tr><td style=\"white-space:nowrap\"><b>Code</b></td><td><b>System</b></td><td><b>Display</b></td><td><b>Definition</b></td></tr><tr><td style=\"white-space:nowrap\"><a name=\"x-http://hl7.org/fhir/administrative-gender-male\"> </a>\u00a0\u00a0<a href=\"http://hl7.org/fhir/R4/codesystem-administrative-gender.html#administrative-gender-male\">male</a></td><td>http://hl7.org/fhir/administrative-gender</td><td>Male</td><td><div><p>Male.</p>\n</div></td></tr><tr><td style=\"white-space:nowrap\"><a name=\"x-http://hl7.org/fhir/administrative-gender-female\"> </a>\u00a0\u00a0<a href=\"http://hl7.org/fhir/R4/codesystem-administrative-gender.html#administrative-gender-female\">female</a></td><td>http://hl7.org/fhir/administrative-gender</td><td>Female</td><td><div><p>Female.</p>\n</div></td></tr><tr><td style=\"white-space:nowrap\"><a name=\"x-http://hl7.org/fhir/administrative-gender-other\"> </a>\u00a0\u00a0<a href=\"http://hl7.org/fhir/R4/codesystem-administrative-gender.html#administrative-gender-other\">other</a></td><td>http://hl7.org/fhir/administrative-gender</td><td>Other</td><td><div><p>Other.</p>\n</div></td></tr></table></div>"
      },
      "url" : "https://interop.esante.gouv.fr/ig/fhir/medication-example/ValueSet/ModifiedAdministrativeGender",
      "version" : "0.1.0",
      "name" : "ModifiedAdministrativeGender",
      "title" : "ModifiedAdministrativeGender",
      "status" : "draft",
      "date" : "2024-12-27T12:39:21+00:00",
      "jurisdiction" : [{
        "coding" : [{
          "system" : "urn:iso:std:iso:3166",
          "code" : "FR",
          "display" : "FRANCE"
        }]
      }],
      "expansion" : {
        "identifier" : "urn:uuid:4a96ec9f-7bb2-4b9f-816d-1ee6f2c7a58b",
        "timestamp" : "2024-12-27T12:39:35+00:00",
        "total" : 3,
        "offset" : 0,
        "parameter" : [{
          "name" : "count",
          "valueInteger" : 1000
        },
        {
          "name" : "offset",
          "valueInteger" : 0
        },
        {
          "name" : "excludeNested",
          "valueBoolean" : false
        },
        {
          "name" : "used-codesystem",
          "valueUri" : "http://hl7.org/fhir/administrative-gender|4.0.1"
        }],
        "contains" : [{
          "system" : "http://hl7.org/fhir/administrative-gender",
          "code" : "male",
          "display" : "Male"
        },
        {
          "system" : "http://hl7.org/fhir/administrative-gender",
          "code" : "female",
          "display" : "Female"
        },
        {
          "system" : "http://hl7.org/fhir/administrative-gender",
          "code" : "other",
          "display" : "Other"
        }]
      }
    }
  },
  {
    "fullUrl" : "https://interop.esante.gouv.fr/ig/fhir/medication-example/ValueSet/TypeCarteVS",
    "resource" : {
      "resourceType" : "ValueSet",
      "text" : {
        "status" : "generated",
        "div" : "<div xmlns=\"http://www.w3.org/1999/xhtml\"><p class=\"res-header-id\"><b>Generated Narrative: ValueSet </b></p><p style=\"border: black 1px dotted; background-color: #EEEEEE; padding: 8px; margin-bottom: 8px\">Expansion based on <a href=\"CodeSystem-type-carte-code-system.html\">codesystem Type de carte v0.1.0 (CodeSystem)</a></p><p>This value set contains 4 concepts</p><table class=\"codes\"><tr><td style=\"white-space:nowrap\"><b>Code</b></td><td><b>System</b></td><td><b>Display</b></td><td><b>Definition</b></td></tr><tr><td style=\"white-space:nowrap\"><a name=\"x-https://interop.esante.gouv.fr/ig/fhir/medication-example/CodeSystem/type-carte-code-system-CPA\"> </a>\u00a0\u00a0<a href=\"CodeSystem-type-carte-code-system.html#type-carte-code-system-CPA\">CPA</a></td><td>https://interop.esante.gouv.fr/ig/fhir/medication-example/CodeSystem/type-carte-code-system</td><td>Carte de Personnel Autorisé</td><td><div><p>La carte d'un personnel autorisé (CDA/CPA)</p>\n</div></td></tr><tr><td style=\"white-space:nowrap\"><a name=\"x-https://interop.esante.gouv.fr/ig/fhir/medication-example/CodeSystem/type-carte-code-system-CPE\"> </a>\u00a0\u00a0<a href=\"CodeSystem-type-carte-code-system.html#type-carte-code-system-CPE\">CPE</a></td><td>https://interop.esante.gouv.fr/ig/fhir/medication-example/CodeSystem/type-carte-code-system</td><td>Carte de Personnel d'Etablissement</td><td><div><p>La Carte de Personnel d'Etablissement de santé (CDE/CPE).</p>\n</div></td></tr><tr><td style=\"white-space:nowrap\"><a name=\"x-https://interop.esante.gouv.fr/ig/fhir/medication-example/CodeSystem/type-carte-code-system-CPF\"> </a>\u00a0\u00a0<a href=\"CodeSystem-type-carte-code-system.html#type-carte-code-system-CPF\">CPF</a></td><td>https://interop.esante.gouv.fr/ig/fhir/medication-example/CodeSystem/type-carte-code-system</td><td>Carte de Professionnel de Santé en Formation</td><td><div><p>La Carte de Professionnel de Santé en Formation (CPF).</p>\n</div></td></tr><tr><td style=\"white-space:nowrap\"><a name=\"x-https://interop.esante.gouv.fr/ig/fhir/medication-example/CodeSystem/type-carte-code-system-CPS\"> </a>\u00a0\u00a0<a href=\"CodeSystem-type-carte-code-system.html#type-carte-code-system-CPS\">CPS</a></td><td>https://interop.esante.gouv.fr/ig/fhir/medication-example/CodeSystem/type-carte-code-system</td><td>Carte de Professionnel de Santé</td><td><div><p>La Carte de Professionnel de Santé (CPS).</p>\n</div></td></tr></table></div>"
      },
      "url" : "https://interop.esante.gouv.fr/ig/fhir/medication-example/ValueSet/TypeCarteVS",
      "version" : "0.1.0",
      "name" : "TypeCarteVS",
      "title" : "Type Carte Value Set",
      "status" : "draft",
      "date" : "2024-12-27T12:39:21+00:00",
      "jurisdiction" : [{
        "coding" : [{
          "system" : "urn:iso:std:iso:3166",
          "code" : "FR",
          "display" : "FRANCE"
        }]
      }],
      "expansion" : {
        "identifier" : "urn:uuid:6cb66f6c-264d-426e-b418-ac0a79d31ef8",
        "timestamp" : "2024-12-27T12:39:35+00:00",
        "total" : 4,
        "offset" : 0,
        "parameter" : [{
          "name" : "count",
          "valueInteger" : 1000
        },
        {
          "name" : "offset",
          "valueInteger" : 0
        },
        {
          "name" : "excludeNested",
          "valueBoolean" : false
        },
        {
          "name" : "used-codesystem",
          "valueUri" : "https://interop.esante.gouv.fr/ig/fhir/medication-example/CodeSystem/type-carte-code-system|0.1.0"
        }],
        "contains" : [{
          "system" : "https://interop.esante.gouv.fr/ig/fhir/medication-example/CodeSystem/type-carte-code-system",
          "code" : "CPA",
          "display" : "Carte de Personnel Autorisé"
        },
        {
          "system" : "https://interop.esante.gouv.fr/ig/fhir/medication-example/CodeSystem/type-carte-code-system",
          "code" : "CPE",
          "display" : "Carte de Personnel d'Etablissement"
        },
        {
          "system" : "https://interop.esante.gouv.fr/ig/fhir/medication-example/CodeSystem/type-carte-code-system",
          "code" : "CPF",
          "display" : "Carte de Professionnel de Santé en Formation"
        },
        {
          "system" : "https://interop.esante.gouv.fr/ig/fhir/medication-example/CodeSystem/type-carte-code-system",
          "code" : "CPS",
          "display" : "Carte de Professionnel de Santé"
        }]
      }
    }
  }]
}