URL,Version,Status,OIDs,Name,Title,Description,Used
http://hl7.org/fhir/administrative-gender,4.0.1,active,"2.16.840.1.113883.4.642.4.2",AdministrativeGender,AdministrativeGender,"The gender of a person used for administrative purposes.","ValueSet/ModifiedAdministrativeGender"
http://snomed.info/sct,null,active,"2.16.840.1.113883.6.96",SNOMED_CT,SNOMED CT (all versions),"SNOMED CT is the most comprehensive and precise clinical health terminology product in the world, owned and distributed around the world by The International Health Terminology Standards Development Organisation (IHTSDO).","ValueSet/MeltingPotVS,ValueSet/EyeColorVS"
https://interop.esante.gouv.fr/ig/fhir/medication-example/CodeSystem/competence-code-system,0.1.0,draft,,CompetenceCS,Compétences CodeSystem,"Compétences des professionnels de santé.","ValueSet/MeltingPotVS"
https://interop.esante.gouv.fr/ig/fhir/medication-example/CodeSystem/type-carte-code-system,0.1.0,draft,,TypeCarteCS,Type de carte,"Type de carte professionnelle et personnelle.","ValueSet/MeltingPotVS,ValueSet/TypeCarteVS"
