URL,Version,Status,OIDs,Name,Title,Descriptino,Uses,Used,Sources
https://interop.esante.gouv.fr/ig/fhir/medication-example/ValueSet/EyeColorVS,0.1.0,draft,,EyeColorVS,EyeColor Value Set,"Different eye colors.","StructureDefinition/EyeColor","SCT"
https://interop.esante.gouv.fr/ig/fhir/medication-example/ValueSet/MeltingPotVS,0.1.0,draft,,MeltingPotVS,Melting Pot Value Set,"Melting Pot Value Set.",,"SCT,Internal"
https://interop.esante.gouv.fr/ig/fhir/medication-example/ValueSet/ModifiedAdministrativeGender,0.1.0,draft,,ModifiedAdministrativeGender,ModifiedAdministrativeGender,"AdministrativeGender without unknown code","StructureDefinition/fr-patient","hl7.fhir.r4.core"
https://interop.esante.gouv.fr/ig/fhir/medication-example/ValueSet/TypeCarteVS,0.1.0,draft,,TypeCarteVS,Type Carte Value Set,"Type Carte Value Set.",,"Internal"
