[
  {
    "id" : "competence-code-system",
    "type" : "CodeSystem",
    "url" : "https://interop.esante.gouv.fr/ig/fhir/medication-example/CodeSystem/competence-code-system",
    "version" : "0.1.0",
    "name" : "CompetenceCS"
  },
  {
    "id" : "type-carte-code-system",
    "type" : "CodeSystem",
    "url" : "https://interop.esante.gouv.fr/ig/fhir/medication-example/CodeSystem/type-carte-code-system",
    "version" : "0.1.0",
    "name" : "TypeCarteCS"
  },
  {
    "id" : "ans.fhir.fr.medication-example",
    "type" : "ImplementationGuide",
    "url" : "https://interop.esante.gouv.fr/ig/fhir/medication-example/ImplementationGuide/ans.fhir.fr.medication-example",
    "version" : "0.1.0",
    "name" : "ExampleIG"
  },
  {
    "id" : "EyeColor",
    "type" : "StructureDefinition",
    "url" : "https://interop.esante.gouv.fr/ig/fhir/medication-example/StructureDefinition/EyeColor",
    "version" : "0.1.0",
    "name" : "EyeColor"
  },
  {
    "id" : "fr-patient",
    "type" : "StructureDefinition",
    "url" : "https://interop.esante.gouv.fr/ig/fhir/medication-example/StructureDefinition/fr-patient",
    "version" : "0.1.0",
    "name" : "FrPatient"
  },
  {
    "id" : "EyeColorVS",
    "type" : "ValueSet",
    "url" : "https://interop.esante.gouv.fr/ig/fhir/medication-example/ValueSet/EyeColorVS",
    "version" : "0.1.0",
    "name" : "EyeColorVS"
  },
  {
    "id" : "MeltingPotVS",
    "type" : "ValueSet",
    "url" : "https://interop.esante.gouv.fr/ig/fhir/medication-example/ValueSet/MeltingPotVS",
    "version" : "0.1.0",
    "name" : "MeltingPotVS"
  },
  {
    "id" : "ModifiedAdministrativeGender",
    "type" : "ValueSet",
    "url" : "https://interop.esante.gouv.fr/ig/fhir/medication-example/ValueSet/ModifiedAdministrativeGender",
    "version" : "0.1.0",
    "name" : "ModifiedAdministrativeGender"
  },
  {
    "id" : "TypeCarteVS",
    "type" : "ValueSet",
    "url" : "https://interop.esante.gouv.fr/ig/fhir/medication-example/ValueSet/TypeCarteVS",
    "version" : "0.1.0",
    "name" : "TypeCarteVS"
  }
]
