{
  "codeSystems" : [
    {
      "url" : "https://interop.esante.gouv.fr/ig/fhir/medication-example/CodeSystem/competence-code-system",
      "version" : "0.1.0",
      "status" : "draft",
      "name" : "CompetenceCS",
      "title" : "Compétences CodeSystem",
      "description" : "Compétences des professionnels de santé."
    },
    {
      "url" : "https://interop.esante.gouv.fr/ig/fhir/medication-example/CodeSystem/type-carte-code-system",
      "version" : "0.1.0",
      "status" : "draft",
      "name" : "TypeCarteCS",
      "title" : "Type de carte",
      "description" : "Type de carte professionnelle et personnelle."
    }
  ]
}
