<?xml version="1.0" encoding="UTF-8"?>

<CodeSystem xmlns="http://hl7.org/fhir">
  <id value="competence-code-system"/>
  <text>
    <status value="generated"/><div xmlns="http://www.w3.org/1999/xhtml"><p class="res-header-id"><b>Generated Narrative: CodeSystem competence-code-system</b></p><a name="competence-code-system"> </a><a name="hccompetence-code-system"> </a><a name="competence-code-system-fr-FR"> </a><p>This  code system <code>https://interop.esante.gouv.fr/ig/fhir/medication-example/CodeSystem/competence-code-system</code> defines the following codes:</p><table class="codes"><tr><td style="white-space:nowrap"><b>Code</b></td><td><b>Display</b></td><td><b>Definition</b></td></tr><tr><td style="white-space:nowrap">C01<a name="competence-code-system-C01"> </a></td><td>Anatomie et Cytologie pathologiques humaines</td><td>Anatomie, Cyto patho;Anatomie et Cytologie pathologiques humaines</td></tr><tr><td style="white-space:nowrap">C03<a name="competence-code-system-C03"> </a></td><td>Anesthésie-réanimation</td><td>Anesthésie-réanim;Anesthésie-réanimation</td></tr><tr><td style="white-space:nowrap">C05<a name="competence-code-system-C05"> </a></td><td>Médecine appliquée aux sports</td><td>Méd appliquée sports;Médecine appliquée aux sports</td></tr><tr><td style="white-space:nowrap">C07<a name="competence-code-system-C07"> </a></td><td>Cardiologie</td><td>Cardiologie;Cardiologie</td></tr><tr><td style="white-space:nowrap">C09<a name="competence-code-system-C09"> </a></td><td>Chirurgie plastique, reconstructrice et esthétique</td><td>Chir plast reco esth;Chirurgie plastique, reconstructrice et esthétique</td></tr><tr><td style="white-space:nowrap">C10<a name="competence-code-system-C10"> </a></td><td>Chirurgie maxillo-faciale;Chirurgie maxillo-faciale;Chirurgie maxillo-faciale</td><td/></tr><tr><td style="white-space:nowrap">C11<a name="competence-code-system-C11"> </a></td><td>Chirurgie thoracique</td><td>Chirurgie thoracique;Chirurgie thoracique</td></tr><tr><td style="white-space:nowrap">C12<a name="competence-code-system-C12"> </a></td><td>Chirurgie orthopédique</td><td>Chirurgie orthopédique;Chirurgie orthopédique</td></tr><tr><td style="white-space:nowrap">C13<a name="competence-code-system-C13"> </a></td><td>Urologie</td><td>Urologie;Urologie</td></tr><tr><td style="white-space:nowrap">C15<a name="competence-code-system-C15"> </a></td><td>Dermato-vénéréologie</td><td>Dermato-vénéréologie;Dermato-vénéréologie</td></tr><tr><td style="white-space:nowrap">C20<a name="competence-code-system-C20"> </a></td><td>Hémobiologie</td><td>Hémobiologie;Hémobiologie</td></tr><tr><td style="white-space:nowrap">C23<a name="competence-code-system-C23"> </a></td><td>Gynécologie médicale et Obstétrique</td><td>Gynéco-médicale, Obstétrique;Gynécologie médicale et Obstétrique</td></tr><tr><td style="white-space:nowrap">C25<a name="competence-code-system-C25"> </a></td><td>Gynécologie médicale</td><td>Gynécologie médicale;Gynécologie médicale</td></tr><tr><td style="white-space:nowrap">C27<a name="competence-code-system-C27"> </a></td><td>Obstétrique</td><td>Obstétrique;Obstétrique</td></tr><tr><td style="white-space:nowrap">C29<a name="competence-code-system-C29"> </a></td><td>Maladies de l'appareil digestif</td><td>Maladies appareil digestif;Maladies de l'appareil digestif</td></tr><tr><td style="white-space:nowrap">C30<a name="competence-code-system-C30"> </a></td><td>Néphrologie</td><td>Néphrologie;Néphrologie</td></tr><tr><td style="white-space:nowrap">C31<a name="competence-code-system-C31"> </a></td><td>Médecine exotique</td><td>Médecine exotique;Médecine exotique</td></tr><tr><td style="white-space:nowrap">C33<a name="competence-code-system-C33"> </a></td><td>Allergologie</td><td>Allergologie;Allergologie</td></tr><tr><td style="white-space:nowrap">C34<a name="competence-code-system-C34"> </a></td><td>Angéiologie</td><td>Angéiologie;Angéiologie</td></tr><tr><td style="white-space:nowrap">C35<a name="competence-code-system-C35"> </a></td><td>Cancérologie</td><td>Cancérologie;Cancérologie</td></tr><tr><td style="white-space:nowrap">C36<a name="competence-code-system-C36"> </a></td><td>Diabétologie-nutrition</td><td>Diabéto-nutrition;Diabétologie-nutrition</td></tr><tr><td style="white-space:nowrap">C37<a name="competence-code-system-C37"> </a></td><td>Endocrinologie</td><td>Endocrinologie;Endocrinologie</td></tr><tr><td style="white-space:nowrap">C38<a name="competence-code-system-C38"> </a></td><td>Maladies du sang</td><td>Maladies du sang;Maladies du sang</td></tr><tr><td style="white-space:nowrap">C39<a name="competence-code-system-C39"> </a></td><td>Réanimation</td><td>Réanimation;Réanimation</td></tr><tr><td style="white-space:nowrap">C40<a name="competence-code-system-C40"> </a></td><td>Médecine légale</td><td>Médecine légale;Médecine légale</td></tr><tr><td style="white-space:nowrap">C41<a name="competence-code-system-C41"> </a></td><td>Médecine du travail</td><td>Médecine du travail;Médecine du travail</td></tr><tr><td style="white-space:nowrap">C43<a name="competence-code-system-C43"> </a></td><td>Neurologie</td><td>Neurologie;Neurologie</td></tr><tr><td style="white-space:nowrap">C45<a name="competence-code-system-C45"> </a></td><td>Neuro-chirurgie</td><td>Neuro-chirurgie;Neuro-chirurgie</td></tr><tr><td style="white-space:nowrap">C47<a name="competence-code-system-C47"> </a></td><td>Neuro-psychiatrie</td><td>Neuro-psychiatrie;Neuro-psychiatrie</td></tr><tr><td style="white-space:nowrap">C51<a name="competence-code-system-C51"> </a></td><td>Pédiatrie</td><td>Pédiatrie;Pédiatrie</td></tr><tr><td style="white-space:nowrap">C52<a name="competence-code-system-C52"> </a></td><td>Phoniatrie</td><td>Phoniatrie;Phoniatrie</td></tr><tr><td style="white-space:nowrap">C54<a name="competence-code-system-C54"> </a></td><td>Pneumologie</td><td>Pneumologie;Pneumologie</td></tr><tr><td style="white-space:nowrap">C57<a name="competence-code-system-C57"> </a></td><td>Psychiatrie</td><td>Psychiatrie;Psychiatrie</td></tr><tr><td style="white-space:nowrap">C58<a name="competence-code-system-C58"> </a></td><td>Psychiatrie, option enfant et adolescent</td><td>Psychiatrie, opt enfant et ado;Psychiatrie, option enfant et adolescent</td></tr><tr><td style="white-space:nowrap">C60<a name="competence-code-system-C60"> </a></td><td>Médecine physique et de réadaptation</td><td>Médecine physique, réadapt;Médecine physique et de réadaptation</td></tr><tr><td style="white-space:nowrap">C62<a name="competence-code-system-C62"> </a></td><td>Rhumatologie</td><td>Rhumatologie;Rhumatologie</td></tr><tr><td style="white-space:nowrap">C68<a name="competence-code-system-C68"> </a></td><td>Chirurgie pédiatrique</td><td>Chirurgie pédiatrique;Chirurgie pédiatrique</td></tr><tr><td style="white-space:nowrap">C69<a name="competence-code-system-C69"> </a></td><td>Médecine nucléaire</td><td>Médecine nucléaire;Médecine nucléaire</td></tr><tr><td style="white-space:nowrap">C71<a name="competence-code-system-C71"> </a></td><td>Médecine thermale</td><td>Médecine thermale;Médecine thermale</td></tr><tr><td style="white-space:nowrap">C72<a name="competence-code-system-C72"> </a></td><td>Génétique médicale</td><td>Génétique médicale;Génétique médicale</td></tr><tr><td style="white-space:nowrap">C75<a name="competence-code-system-C75"> </a></td><td>Endocrinologie et Maladies métaboliques</td><td>Endocrin, Maladies métaboliq;Endocrinologie et Maladies métaboliques</td></tr><tr><td style="white-space:nowrap">C76<a name="competence-code-system-C76"> </a></td><td>Orthopédie dento-maxillo-faciale</td><td>Orthopédie dento-maxilo-fac;Orthopédie dento-maxillo-faciale</td></tr><tr><td style="white-space:nowrap">C83<a name="competence-code-system-C83"> </a></td><td>Chirurgie de la face et du cou</td><td>Chirurgie face et cou;Chirurgie de la face et du cou</td></tr></table></div>
  </text>
  <url value="https://interop.esante.gouv.fr/ig/fhir/medication-example/CodeSystem/competence-code-system"/>
  <version value="0.1.0"/>
  <name value="CompetenceCS"/>
  <title value="Compétences CodeSystem"/>
  <status value="draft"/>
  <date value="2024-12-27T12:39:21+00:00"/>
  <publisher value="Agence du Numérique en Santé (ANS) - 2-10 Rue d'Oradour-sur-Glane, 75015 Paris"/>
  <contact>
    <name value="Agence du Numérique en Santé (ANS) - 2-10 Rue d'Oradour-sur-Glane, 75015 Paris"/>
    <telecom>
      <system value="url"/>
      <value value="https://esante.gouv.fr"/>
    </telecom>
  </contact>
  <description value="Compétences des professionnels de santé."/>
  <jurisdiction>
    <coding>
      <system value="urn:iso:std:iso:3166"/>
      <code value="FR"/>
      <display value="FRANCE"/>
    </coding>
  </jurisdiction>
  <content value="complete"/>
  <count value="43"/>
  <concept>
    <code value="C01"/>
    <display value="Anatomie et Cytologie pathologiques humaines"/>
    <definition value="Anatomie, Cyto patho;Anatomie et Cytologie pathologiques humaines"/>
  </concept>
  <concept>
    <code value="C03"/>
    <display value="Anesthésie-réanimation"/>
    <definition value="Anesthésie-réanim;Anesthésie-réanimation"/>
  </concept>
  <concept>
    <code value="C05"/>
    <display value="Médecine appliquée aux sports"/>
    <definition value="Méd appliquée sports;Médecine appliquée aux sports"/>
  </concept>
  <concept>
    <code value="C07"/>
    <display value="Cardiologie"/>
    <definition value="Cardiologie;Cardiologie"/>
  </concept>
  <concept>
    <code value="C09"/>
    <display value="Chirurgie plastique, reconstructrice et esthétique"/>
    <definition value="Chir plast reco esth;Chirurgie plastique, reconstructrice et esthétique"/>
  </concept>
  <concept>
    <code value="C10"/>
    <display value="Chirurgie maxillo-faciale;Chirurgie maxillo-faciale;Chirurgie maxillo-faciale"/>
  </concept>
  <concept>
    <code value="C11"/>
    <display value="Chirurgie thoracique"/>
    <definition value="Chirurgie thoracique;Chirurgie thoracique"/>
  </concept>
  <concept>
    <code value="C12"/>
    <display value="Chirurgie orthopédique"/>
    <definition value="Chirurgie orthopédique;Chirurgie orthopédique"/>
  </concept>
  <concept>
    <code value="C13"/>
    <display value="Urologie"/>
    <definition value="Urologie;Urologie"/>
  </concept>
  <concept>
    <code value="C15"/>
    <display value="Dermato-vénéréologie"/>
    <definition value="Dermato-vénéréologie;Dermato-vénéréologie"/>
  </concept>
  <concept>
    <code value="C20"/>
    <display value="Hémobiologie"/>
    <definition value="Hémobiologie;Hémobiologie"/>
  </concept>
  <concept>
    <code value="C23"/>
    <display value="Gynécologie médicale et Obstétrique"/>
    <definition value="Gynéco-médicale, Obstétrique;Gynécologie médicale et Obstétrique"/>
  </concept>
  <concept>
    <code value="C25"/>
    <display value="Gynécologie médicale"/>
    <definition value="Gynécologie médicale;Gynécologie médicale"/>
  </concept>
  <concept>
    <code value="C27"/>
    <display value="Obstétrique"/>
    <definition value="Obstétrique;Obstétrique"/>
  </concept>
  <concept>
    <code value="C29"/>
    <display value="Maladies de l'appareil digestif"/>
    <definition value="Maladies appareil digestif;Maladies de l'appareil digestif"/>
  </concept>
  <concept>
    <code value="C30"/>
    <display value="Néphrologie"/>
    <definition value="Néphrologie;Néphrologie"/>
  </concept>
  <concept>
    <code value="C31"/>
    <display value="Médecine exotique"/>
    <definition value="Médecine exotique;Médecine exotique"/>
  </concept>
  <concept>
    <code value="C33"/>
    <display value="Allergologie"/>
    <definition value="Allergologie;Allergologie"/>
  </concept>
  <concept>
    <code value="C34"/>
    <display value="Angéiologie"/>
    <definition value="Angéiologie;Angéiologie"/>
  </concept>
  <concept>
    <code value="C35"/>
    <display value="Cancérologie"/>
    <definition value="Cancérologie;Cancérologie"/>
  </concept>
  <concept>
    <code value="C36"/>
    <display value="Diabétologie-nutrition"/>
    <definition value="Diabéto-nutrition;Diabétologie-nutrition"/>
  </concept>
  <concept>
    <code value="C37"/>
    <display value="Endocrinologie"/>
    <definition value="Endocrinologie;Endocrinologie"/>
  </concept>
  <concept>
    <code value="C38"/>
    <display value="Maladies du sang"/>
    <definition value="Maladies du sang;Maladies du sang"/>
  </concept>
  <concept>
    <code value="C39"/>
    <display value="Réanimation"/>
    <definition value="Réanimation;Réanimation"/>
  </concept>
  <concept>
    <code value="C40"/>
    <display value="Médecine légale"/>
    <definition value="Médecine légale;Médecine légale"/>
  </concept>
  <concept>
    <code value="C41"/>
    <display value="Médecine du travail"/>
    <definition value="Médecine du travail;Médecine du travail"/>
  </concept>
  <concept>
    <code value="C43"/>
    <display value="Neurologie"/>
    <definition value="Neurologie;Neurologie"/>
  </concept>
  <concept>
    <code value="C45"/>
    <display value="Neuro-chirurgie"/>
    <definition value="Neuro-chirurgie;Neuro-chirurgie"/>
  </concept>
  <concept>
    <code value="C47"/>
    <display value="Neuro-psychiatrie"/>
    <definition value="Neuro-psychiatrie;Neuro-psychiatrie"/>
  </concept>
  <concept>
    <code value="C51"/>
    <display value="Pédiatrie"/>
    <definition value="Pédiatrie;Pédiatrie"/>
  </concept>
  <concept>
    <code value="C52"/>
    <display value="Phoniatrie"/>
    <definition value="Phoniatrie;Phoniatrie"/>
  </concept>
  <concept>
    <code value="C54"/>
    <display value="Pneumologie"/>
    <definition value="Pneumologie;Pneumologie"/>
  </concept>
  <concept>
    <code value="C57"/>
    <display value="Psychiatrie"/>
    <definition value="Psychiatrie;Psychiatrie"/>
  </concept>
  <concept>
    <code value="C58"/>
    <display value="Psychiatrie, option enfant et adolescent"/>
    <definition value="Psychiatrie, opt enfant et ado;Psychiatrie, option enfant et adolescent"/>
  </concept>
  <concept>
    <code value="C60"/>
    <display value="Médecine physique et de réadaptation"/>
    <definition value="Médecine physique, réadapt;Médecine physique et de réadaptation"/>
  </concept>
  <concept>
    <code value="C62"/>
    <display value="Rhumatologie"/>
    <definition value="Rhumatologie;Rhumatologie"/>
  </concept>
  <concept>
    <code value="C68"/>
    <display value="Chirurgie pédiatrique"/>
    <definition value="Chirurgie pédiatrique;Chirurgie pédiatrique"/>
  </concept>
  <concept>
    <code value="C69"/>
    <display value="Médecine nucléaire"/>
    <definition value="Médecine nucléaire;Médecine nucléaire"/>
  </concept>
  <concept>
    <code value="C71"/>
    <display value="Médecine thermale"/>
    <definition value="Médecine thermale;Médecine thermale"/>
  </concept>
  <concept>
    <code value="C72"/>
    <display value="Génétique médicale"/>
    <definition value="Génétique médicale;Génétique médicale"/>
  </concept>
  <concept>
    <code value="C75"/>
    <display value="Endocrinologie et Maladies métaboliques"/>
    <definition value="Endocrin, Maladies métaboliq;Endocrinologie et Maladies métaboliques"/>
  </concept>
  <concept>
    <code value="C76"/>
    <display value="Orthopédie dento-maxillo-faciale"/>
    <definition value="Orthopédie dento-maxilo-fac;Orthopédie dento-maxillo-faciale"/>
  </concept>
  <concept>
    <code value="C83"/>
    <display value="Chirurgie de la face et du cou"/>
    <definition value="Chirurgie face et cou;Chirurgie de la face et du cou"/>
  </concept>
</CodeSystem>