<?xml version="1.0" encoding="UTF-8"?>

<Bundle xmlns="http://hl7.org/fhir">
  <id value="0df5c756-dab8-4987-8863-832ea984a3bc"/>
  <meta>
    <lastUpdated value="2024-12-27T12:39:21.171+00:00"/>
  </meta>
  <type value="collection"/>
  <entry>
    <fullUrl value="https://interop.esante.gouv.fr/ig/fhir/medication-example/ValueSet/EyeColorVS"/>
    <resource>
      <ValueSet>
        <text>
          <status value="generated"/>
          <div xmlns="http://www.w3.org/1999/xhtml">
            <p class="res-header-id">
              <b>Generated Narrative: ValueSet </b>
            </p>
            <p style="border: black 1px dotted; background-color: #EEEEEE; padding: 8px; margin-bottom: 8px">Expansion based on SNOMED CT International edition 01-Aug 2024</p>
            <p>This value set contains 3 concepts</p>
            <table class="codes">
              <tr>
                <td style="white-space:nowrap">
                  <b>Code</b>
                </td>
                <td>
                  <b>System</b>
                </td>
                <td>
                  <b>Display</b>
                </td>
                <td>
                  <b>Inactive</b>
                </td>
              </tr>
              <tr>
                <td style="white-space:nowrap">
                  <a name="x-http://snomed.info/sct-405738005"> </a>  
                  <a href="http://snomed.info/id/405738005">405738005</a>
                </td>
                <td>http://snomed.info/sct</td>
                <td>Blue color (qualifier value)</td>
                <td/>
              </tr>
              <tr>
                <td style="white-space:nowrap">
                  <a name="x-http://snomed.info/sct-371254008"> </a>  
                  <a href="http://snomed.info/id/371254008">371254008</a>
                </td>
                <td>http://snomed.info/sct</td>
                <td>Brown color (qualifier value)</td>
                <td/>
              </tr>
              <tr>
                <td style="white-space:nowrap">
                  <a name="x-http://snomed.info/sct-54662009"> </a>  
                  <a href="http://snomed.info/id/54662009">54662009</a>
                </td>
                <td>http://snomed.info/sct</td>
                <td>Green color</td>
                <td>inactive</td>
              </tr>
            </table>
          </div>
        </text>
        <url value="https://interop.esante.gouv.fr/ig/fhir/medication-example/ValueSet/EyeColorVS"/>
        <version value="0.1.0"/>
        <name value="EyeColorVS"/>
        <title value="EyeColor Value Set"/>
        <status value="draft"/>
        <date value="2024-12-27T12:39:21+00:00"/>
        <jurisdiction>
          <coding>
            <system value="urn:iso:std:iso:3166"/>
            <code value="FR"/>
            <display value="FRANCE"/>
          </coding>
        </jurisdiction>
        <expansion>
          <identifier value="urn:uuid:1d6a6472-ffac-49db-ab68-6b8727aee5fb"/>
          <timestamp value="2024-12-27T12:39:34+00:00"/>
          <total value="3"/>
          <offset value="0"/>
          <parameter>
            <name value="count"/>
            <valueInteger value="1000"/>
          </parameter>
          <parameter>
            <name value="offset"/>
            <valueInteger value="0"/>
          </parameter>
          <parameter>
            <name value="excludeNested"/>
            <valueBoolean value="false"/>
          </parameter>
          <parameter>
            <name value="used-valueset"/>
            <valueUri value="null"/>
          </parameter>
          <parameter>
            <name value="used-codesystem"/>
            <valueUri value="http://snomed.info/sct|http://snomed.info/sct/900000000000207008/version/20240801"/>
          </parameter>
          <parameter>
            <name value="version"/>
            <valueUri value="http://snomed.info/sct|http://snomed.info/sct/900000000000207008/version/20240801"/>
          </parameter>
          <contains>
            <system value="http://snomed.info/sct"/>
            <code value="405738005"/>
            <display value="Blue color (qualifier value)"/>
          </contains>
          <contains>
            <system value="http://snomed.info/sct"/>
            <code value="371254008"/>
            <display value="Brown color (qualifier value)"/>
          </contains>
          <contains>
            <system value="http://snomed.info/sct"/>
            <inactive value="true"/>
            <code value="54662009"/>
            <display value="Green color"/>
          </contains>
        </expansion>
      </ValueSet>
    </resource>
  </entry>
  <entry>
    <fullUrl value="https://interop.esante.gouv.fr/ig/fhir/medication-example/ValueSet/MeltingPotVS"/>
    <resource>
      <ValueSet>
        <text>
          <status value="generated"/>
          <div xmlns="http://www.w3.org/1999/xhtml">
            <p class="res-header-id">
              <b>Generated Narrative: ValueSet </b>
            </p>
            <div style="border: black 1px dotted; background-color: #EEEEEE; padding: 8px; margin-bottom: 8px">
              <p>Expansion based on:</p>
              <ul>
                <li>SNOMED CT International edition 01-Aug 2024</li>
                <li>
                  <a href="CodeSystem-competence-code-system.html">codesystem Compétences CodeSystem v0.1.0 (CodeSystem)</a>
                </li>
                <li>
                  <a href="CodeSystem-type-carte-code-system.html">codesystem Type de carte v0.1.0 (CodeSystem)</a>
                </li>
              </ul>
            </div>
            <p>This value set contains 7 concepts</p>
            <table class="codes">
              <tr>
                <td style="white-space:nowrap">
                  <b>Code</b>
                </td>
                <td>
                  <b>System</b>
                </td>
                <td>
                  <b>Display</b>
                </td>
                <td>
                  <b>Definition</b>
                </td>
              </tr>
              <tr>
                <td style="white-space:nowrap">
                  <a name="x-http://snomed.info/sct-405738005"> </a>  
                  <a href="http://snomed.info/id/405738005">405738005</a>
                </td>
                <td>http://snomed.info/sct</td>
                <td>Blue color (qualifier value)</td>
                <td>
                  <div/>
                </td>
              </tr>
              <tr>
                <td style="white-space:nowrap">
                  <a name="x-http://snomed.info/sct-371254008"> </a>  
                  <a href="http://snomed.info/id/371254008">371254008</a>
                </td>
                <td>http://snomed.info/sct</td>
                <td>Brown color (qualifier value)</td>
                <td>
                  <div/>
                </td>
              </tr>
              <tr>
                <td style="white-space:nowrap">
                  <a name="x-https://interop.esante.gouv.fr/ig/fhir/medication-example/CodeSystem/competence-code-system-C01"> </a>  
                  <a href="CodeSystem-competence-code-system.html#competence-code-system-C01">C01</a>
                </td>
                <td>https://interop.esante.gouv.fr/ig/fhir/medication-example/CodeSystem/competence-code-system</td>
                <td>Anatomie et Cytologie pathologiques humaines</td>
                <td>
                  <div>
                    <p>Anatomie, Cyto patho;Anatomie et Cytologie pathologiques humaines</p>

                  </div>
                </td>
              </tr>
              <tr>
                <td style="white-space:nowrap">
                  <a name="x-https://interop.esante.gouv.fr/ig/fhir/medication-example/CodeSystem/type-carte-code-system-CPA"> </a>  
                  <a href="CodeSystem-type-carte-code-system.html#type-carte-code-system-CPA">CPA</a>
                </td>
                <td>https://interop.esante.gouv.fr/ig/fhir/medication-example/CodeSystem/type-carte-code-system</td>
                <td>Carte de Personnel Autorisé</td>
                <td>
                  <div>
                    <p>La carte d'un personnel autorisé (CDA/CPA)</p>

                  </div>
                </td>
              </tr>
              <tr>
                <td style="white-space:nowrap">
                  <a name="x-https://interop.esante.gouv.fr/ig/fhir/medication-example/CodeSystem/type-carte-code-system-CPE"> </a>  
                  <a href="CodeSystem-type-carte-code-system.html#type-carte-code-system-CPE">CPE</a>
                </td>
                <td>https://interop.esante.gouv.fr/ig/fhir/medication-example/CodeSystem/type-carte-code-system</td>
                <td>Carte de Personnel d'Etablissement</td>
                <td>
                  <div>
                    <p>La Carte de Personnel d'Etablissement de santé (CDE/CPE).</p>

                  </div>
                </td>
              </tr>
              <tr>
                <td style="white-space:nowrap">
                  <a name="x-https://interop.esante.gouv.fr/ig/fhir/medication-example/CodeSystem/type-carte-code-system-CPF"> </a>  
                  <a href="CodeSystem-type-carte-code-system.html#type-carte-code-system-CPF">CPF</a>
                </td>
                <td>https://interop.esante.gouv.fr/ig/fhir/medication-example/CodeSystem/type-carte-code-system</td>
                <td>Carte de Professionnel de Santé en Formation</td>
                <td>
                  <div>
                    <p>La Carte de Professionnel de Santé en Formation (CPF).</p>

                  </div>
                </td>
              </tr>
              <tr>
                <td style="white-space:nowrap">
                  <a name="x-https://interop.esante.gouv.fr/ig/fhir/medication-example/CodeSystem/type-carte-code-system-CPS"> </a>  
                  <a href="CodeSystem-type-carte-code-system.html#type-carte-code-system-CPS">CPS</a>
                </td>
                <td>https://interop.esante.gouv.fr/ig/fhir/medication-example/CodeSystem/type-carte-code-system</td>
                <td>Carte de Professionnel de Santé</td>
                <td>
                  <div>
                    <p>La Carte de Professionnel de Santé (CPS).</p>

                  </div>
                </td>
              </tr>
            </table>
          </div>
        </text>
        <url value="https://interop.esante.gouv.fr/ig/fhir/medication-example/ValueSet/MeltingPotVS"/>
        <version value="0.1.0"/>
        <name value="MeltingPotVS"/>
        <title value="Melting Pot Value Set"/>
        <status value="draft"/>
        <date value="2024-12-27T12:39:21+00:00"/>
        <jurisdiction>
          <coding>
            <system value="urn:iso:std:iso:3166"/>
            <code value="FR"/>
            <display value="FRANCE"/>
          </coding>
        </jurisdiction>
        <expansion>
          <identifier value="urn:uuid:baeed635-97d0-4319-81cf-f99474819883"/>
          <timestamp value="2024-12-27T12:39:35+00:00"/>
          <total value="7"/>
          <offset value="0"/>
          <parameter>
            <name value="count"/>
            <valueInteger value="1000"/>
          </parameter>
          <parameter>
            <name value="offset"/>
            <valueInteger value="0"/>
          </parameter>
          <parameter>
            <name value="excludeNested"/>
            <valueBoolean value="false"/>
          </parameter>
          <parameter>
            <name value="used-valueset"/>
            <valueUri value="null"/>
          </parameter>
          <parameter>
            <name value="used-codesystem"/>
            <valueUri value="http://snomed.info/sct|http://snomed.info/sct/900000000000207008/version/20240801"/>
          </parameter>
          <parameter>
            <name value="version"/>
            <valueUri value="http://snomed.info/sct|http://snomed.info/sct/900000000000207008/version/20240801"/>
          </parameter>
          <parameter>
            <name value="used-codesystem"/>
            <valueUri value="https://interop.esante.gouv.fr/ig/fhir/medication-example/CodeSystem/competence-code-system|0.1.0"/>
          </parameter>
          <parameter>
            <name value="used-codesystem"/>
            <valueUri value="https://interop.esante.gouv.fr/ig/fhir/medication-example/CodeSystem/type-carte-code-system|0.1.0"/>
          </parameter>
          <contains>
            <system value="http://snomed.info/sct"/>
            <code value="405738005"/>
            <display value="Blue color (qualifier value)"/>
          </contains>
          <contains>
            <system value="http://snomed.info/sct"/>
            <code value="371254008"/>
            <display value="Brown color (qualifier value)"/>
          </contains>
          <contains>
            <system value="https://interop.esante.gouv.fr/ig/fhir/medication-example/CodeSystem/competence-code-system"/>
            <code value="C01"/>
            <display value="Anatomie et Cytologie pathologiques humaines"/>
          </contains>
          <contains>
            <system value="https://interop.esante.gouv.fr/ig/fhir/medication-example/CodeSystem/type-carte-code-system"/>
            <code value="CPA"/>
            <display value="Carte de Personnel Autorisé"/>
          </contains>
          <contains>
            <system value="https://interop.esante.gouv.fr/ig/fhir/medication-example/CodeSystem/type-carte-code-system"/>
            <code value="CPE"/>
            <display value="Carte de Personnel d'Etablissement"/>
          </contains>
          <contains>
            <system value="https://interop.esante.gouv.fr/ig/fhir/medication-example/CodeSystem/type-carte-code-system"/>
            <code value="CPF"/>
            <display value="Carte de Professionnel de Santé en Formation"/>
          </contains>
          <contains>
            <system value="https://interop.esante.gouv.fr/ig/fhir/medication-example/CodeSystem/type-carte-code-system"/>
            <code value="CPS"/>
            <display value="Carte de Professionnel de Santé"/>
          </contains>
        </expansion>
      </ValueSet>
    </resource>
  </entry>
  <entry>
    <fullUrl value="https://interop.esante.gouv.fr/ig/fhir/medication-example/ValueSet/ModifiedAdministrativeGender"/>
    <resource>
      <ValueSet>
        <text>
          <status value="generated"/>
          <div xmlns="http://www.w3.org/1999/xhtml">
            <p class="res-header-id">
              <b>Generated Narrative: ValueSet </b>
            </p>
            <p style="border: black 1px dotted; background-color: #EEEEEE; padding: 8px; margin-bottom: 8px">Expansion based on 
              <a href="http://hl7.org/fhir/R4/codesystem-administrative-gender.html">codesystem AdministrativeGender v4.0.1 (CodeSystem)</a>
            </p>
            <p>This value set contains 3 concepts</p>
            <table class="codes">
              <tr>
                <td style="white-space:nowrap">
                  <b>Code</b>
                </td>
                <td>
                  <b>System</b>
                </td>
                <td>
                  <b>Display</b>
                </td>
                <td>
                  <b>Definition</b>
                </td>
              </tr>
              <tr>
                <td style="white-space:nowrap">
                  <a name="x-http://hl7.org/fhir/administrative-gender-male"> </a>  
                  <a href="http://hl7.org/fhir/R4/codesystem-administrative-gender.html#administrative-gender-male">male</a>
                </td>
                <td>http://hl7.org/fhir/administrative-gender</td>
                <td>Male</td>
                <td>
                  <div>
                    <p>Male.</p>

                  </div>
                </td>
              </tr>
              <tr>
                <td style="white-space:nowrap">
                  <a name="x-http://hl7.org/fhir/administrative-gender-female"> </a>  
                  <a href="http://hl7.org/fhir/R4/codesystem-administrative-gender.html#administrative-gender-female">female</a>
                </td>
                <td>http://hl7.org/fhir/administrative-gender</td>
                <td>Female</td>
                <td>
                  <div>
                    <p>Female.</p>

                  </div>
                </td>
              </tr>
              <tr>
                <td style="white-space:nowrap">
                  <a name="x-http://hl7.org/fhir/administrative-gender-other"> </a>  
                  <a href="http://hl7.org/fhir/R4/codesystem-administrative-gender.html#administrative-gender-other">other</a>
                </td>
                <td>http://hl7.org/fhir/administrative-gender</td>
                <td>Other</td>
                <td>
                  <div>
                    <p>Other.</p>

                  </div>
                </td>
              </tr>
            </table>
          </div>
        </text>
        <url value="https://interop.esante.gouv.fr/ig/fhir/medication-example/ValueSet/ModifiedAdministrativeGender"/>
        <version value="0.1.0"/>
        <name value="ModifiedAdministrativeGender"/>
        <title value="ModifiedAdministrativeGender"/>
        <status value="draft"/>
        <date value="2024-12-27T12:39:21+00:00"/>
        <jurisdiction>
          <coding>
            <system value="urn:iso:std:iso:3166"/>
            <code value="FR"/>
            <display value="FRANCE"/>
          </coding>
        </jurisdiction>
        <expansion>
          <identifier value="urn:uuid:4a96ec9f-7bb2-4b9f-816d-1ee6f2c7a58b"/>
          <timestamp value="2024-12-27T12:39:35+00:00"/>
          <total value="3"/>
          <offset value="0"/>
          <parameter>
            <name value="count"/>
            <valueInteger value="1000"/>
          </parameter>
          <parameter>
            <name value="offset"/>
            <valueInteger value="0"/>
          </parameter>
          <parameter>
            <name value="excludeNested"/>
            <valueBoolean value="false"/>
          </parameter>
          <parameter>
            <name value="used-codesystem"/>
            <valueUri value="http://hl7.org/fhir/administrative-gender|4.0.1"/>
          </parameter>
          <contains>
            <system value="http://hl7.org/fhir/administrative-gender"/>
            <code value="male"/>
            <display value="Male"/>
          </contains>
          <contains>
            <system value="http://hl7.org/fhir/administrative-gender"/>
            <code value="female"/>
            <display value="Female"/>
          </contains>
          <contains>
            <system value="http://hl7.org/fhir/administrative-gender"/>
            <code value="other"/>
            <display value="Other"/>
          </contains>
        </expansion>
      </ValueSet>
    </resource>
  </entry>
  <entry>
    <fullUrl value="https://interop.esante.gouv.fr/ig/fhir/medication-example/ValueSet/TypeCarteVS"/>
    <resource>
      <ValueSet>
        <text>
          <status value="generated"/>
          <div xmlns="http://www.w3.org/1999/xhtml">
            <p class="res-header-id">
              <b>Generated Narrative: ValueSet </b>
            </p>
            <p style="border: black 1px dotted; background-color: #EEEEEE; padding: 8px; margin-bottom: 8px">Expansion based on 
              <a href="CodeSystem-type-carte-code-system.html">codesystem Type de carte v0.1.0 (CodeSystem)</a>
            </p>
            <p>This value set contains 4 concepts</p>
            <table class="codes">
              <tr>
                <td style="white-space:nowrap">
                  <b>Code</b>
                </td>
                <td>
                  <b>System</b>
                </td>
                <td>
                  <b>Display</b>
                </td>
                <td>
                  <b>Definition</b>
                </td>
              </tr>
              <tr>
                <td style="white-space:nowrap">
                  <a name="x-https://interop.esante.gouv.fr/ig/fhir/medication-example/CodeSystem/type-carte-code-system-CPA"> </a>  
                  <a href="CodeSystem-type-carte-code-system.html#type-carte-code-system-CPA">CPA</a>
                </td>
                <td>https://interop.esante.gouv.fr/ig/fhir/medication-example/CodeSystem/type-carte-code-system</td>
                <td>Carte de Personnel Autorisé</td>
                <td>
                  <div>
                    <p>La carte d'un personnel autorisé (CDA/CPA)</p>

                  </div>
                </td>
              </tr>
              <tr>
                <td style="white-space:nowrap">
                  <a name="x-https://interop.esante.gouv.fr/ig/fhir/medication-example/CodeSystem/type-carte-code-system-CPE"> </a>  
                  <a href="CodeSystem-type-carte-code-system.html#type-carte-code-system-CPE">CPE</a>
                </td>
                <td>https://interop.esante.gouv.fr/ig/fhir/medication-example/CodeSystem/type-carte-code-system</td>
                <td>Carte de Personnel d'Etablissement</td>
                <td>
                  <div>
                    <p>La Carte de Personnel d'Etablissement de santé (CDE/CPE).</p>

                  </div>
                </td>
              </tr>
              <tr>
                <td style="white-space:nowrap">
                  <a name="x-https://interop.esante.gouv.fr/ig/fhir/medication-example/CodeSystem/type-carte-code-system-CPF"> </a>  
                  <a href="CodeSystem-type-carte-code-system.html#type-carte-code-system-CPF">CPF</a>
                </td>
                <td>https://interop.esante.gouv.fr/ig/fhir/medication-example/CodeSystem/type-carte-code-system</td>
                <td>Carte de Professionnel de Santé en Formation</td>
                <td>
                  <div>
                    <p>La Carte de Professionnel de Santé en Formation (CPF).</p>

                  </div>
                </td>
              </tr>
              <tr>
                <td style="white-space:nowrap">
                  <a name="x-https://interop.esante.gouv.fr/ig/fhir/medication-example/CodeSystem/type-carte-code-system-CPS"> </a>  
                  <a href="CodeSystem-type-carte-code-system.html#type-carte-code-system-CPS">CPS</a>
                </td>
                <td>https://interop.esante.gouv.fr/ig/fhir/medication-example/CodeSystem/type-carte-code-system</td>
                <td>Carte de Professionnel de Santé</td>
                <td>
                  <div>
                    <p>La Carte de Professionnel de Santé (CPS).</p>

                  </div>
                </td>
              </tr>
            </table>
          </div>
        </text>
        <url value="https://interop.esante.gouv.fr/ig/fhir/medication-example/ValueSet/TypeCarteVS"/>
        <version value="0.1.0"/>
        <name value="TypeCarteVS"/>
        <title value="Type Carte Value Set"/>
        <status value="draft"/>
        <date value="2024-12-27T12:39:21+00:00"/>
        <jurisdiction>
          <coding>
            <system value="urn:iso:std:iso:3166"/>
            <code value="FR"/>
            <display value="FRANCE"/>
          </coding>
        </jurisdiction>
        <expansion>
          <identifier value="urn:uuid:6cb66f6c-264d-426e-b418-ac0a79d31ef8"/>
          <timestamp value="2024-12-27T12:39:35+00:00"/>
          <total value="4"/>
          <offset value="0"/>
          <parameter>
            <name value="count"/>
            <valueInteger value="1000"/>
          </parameter>
          <parameter>
            <name value="offset"/>
            <valueInteger value="0"/>
          </parameter>
          <parameter>
            <name value="excludeNested"/>
            <valueBoolean value="false"/>
          </parameter>
          <parameter>
            <name value="used-codesystem"/>
            <valueUri value="https://interop.esante.gouv.fr/ig/fhir/medication-example/CodeSystem/type-carte-code-system|0.1.0"/>
          </parameter>
          <contains>
            <system value="https://interop.esante.gouv.fr/ig/fhir/medication-example/CodeSystem/type-carte-code-system"/>
            <code value="CPA"/>
            <display value="Carte de Personnel Autorisé"/>
          </contains>
          <contains>
            <system value="https://interop.esante.gouv.fr/ig/fhir/medication-example/CodeSystem/type-carte-code-system"/>
            <code value="CPE"/>
            <display value="Carte de Personnel d'Etablissement"/>
          </contains>
          <contains>
            <system value="https://interop.esante.gouv.fr/ig/fhir/medication-example/CodeSystem/type-carte-code-system"/>
            <code value="CPF"/>
            <display value="Carte de Professionnel de Santé en Formation"/>
          </contains>
          <contains>
            <system value="https://interop.esante.gouv.fr/ig/fhir/medication-example/CodeSystem/type-carte-code-system"/>
            <code value="CPS"/>
            <display value="Carte de Professionnel de Santé"/>
          </contains>
        </expansion>
      </ValueSet>
    </resource>
  </entry>
</Bundle>