{
  "codeSystems" : [
    {
      "url" : "http://hl7.org/fhir/ValueSet/administrative-gender",
      "version" : "4.0.1",
      "status" : "active",
      "name" : "AdministrativeGender",
      "title" : "AdministrativeGender",
      "description" : "The gender of a person used for administrative purposes.",
      "systems" : ["http://hl7.org/fhir/administrative-gender"],
      "oids" : ["2.16.840.1.113883.4.642.3.1"],
      "sources" : ["2.16.840.1.113883.4.642.3.1"],
      "uses" : {
      },
      "StructureDefinition-fr-patient.html" : "Patient français"
    },
    {
      "url" : "http://hl7.org/fhir/ValueSet/identifier-type",
      "version" : "4.0.1",
      "status" : "active",
      "name" : "Identifier Type Codes",
      "title" : "IdentifierType",
      "description" : "A coded type for an identifier that can be used to determine which identifier to use for a specific purpose.",
      "systems" : ["http://terminology.hl7.org/CodeSystem/v2-0203"],
      "oids" : ["2.16.840.1.113883.4.642.3.45"],
      "sources" : ["2.16.840.1.113883.4.642.3.45"],
      "uses" : {
      },
      "StructureDefinition-fr-patient.html" : "Patient français"
    },
    {
      "url" : "http://hl7.org/fhir/ValueSet/identifier-use",
      "version" : "4.0.1",
      "status" : "active",
      "name" : "IdentifierUse",
      "title" : "IdentifierUse",
      "description" : "Identifies the purpose for this identifier, if known .",
      "systems" : ["http://hl7.org/fhir/identifier-use"],
      "oids" : ["2.16.840.1.113883.4.642.3.57"],
      "sources" : ["2.16.840.1.113883.4.642.3.57"],
      "uses" : {
      },
      "StructureDefinition-fr-patient.html" : "Patient français"
    },
    {
      "url" : "http://hl7.org/fhir/ValueSet/languages",
      "version" : "4.0.1",
      "status" : "draft",
      "name" : "CommonLanguages",
      "title" : "Common Languages",
      "description" : "This value set includes common codes from BCP-47 (http://tools.ietf.org/html/bcp47)",
      "systems" : ["urn:ietf:bcp:47"],
      "oids" : ["2.16.840.1.113883.4.642.3.20"],
      "sources" : ["2.16.840.1.113883.4.642.3.20"],
      "uses" : {
      },
      "StructureDefinition-fr-patient.html" : "Patient français"
    },
    {
      "url" : "http://hl7.org/fhir/ValueSet/link-type",
      "version" : "4.0.1",
      "status" : "active",
      "name" : "LinkType",
      "title" : "LinkType",
      "description" : "The type of link between this patient resource and another patient resource.",
      "systems" : ["http://hl7.org/fhir/link-type"],
      "oids" : ["2.16.840.1.113883.4.642.3.423"],
      "sources" : ["2.16.840.1.113883.4.642.3.423"],
      "uses" : {
      },
      "StructureDefinition-fr-patient.html" : "Patient français"
    },
    {
      "url" : "http://hl7.org/fhir/ValueSet/marital-status",
      "version" : "4.0.1",
      "status" : "active",
      "name" : "Marital Status Codes",
      "title" : "MaritalStatus",
      "description" : "This value set defines the set of codes that can be used to indicate the marital status of a person.",
      "systems" : [
        "http://terminology.hl7.org/CodeSystem/v3-MaritalStatus",
        "http://terminology.hl7.org/CodeSystem/v3-NullFlavor"
      ],
      "oids" : ["2.16.840.1.113883.4.642.3.29"],
      "sources" : ["2.16.840.1.113883.4.642.3.29"],
      "uses" : {
      },
      "StructureDefinition-fr-patient.html" : "Patient français"
    },
    {
      "url" : "http://hl7.org/fhir/ValueSet/patient-contactrelationship",
      "version" : "4.0.1",
      "status" : "active",
      "name" : "PatientContactRelationship",
      "title" : "Patient Contact Relationship ",
      "description" : "The nature of the relationship between the patient and the contact person.",
      "systems" : ["http://terminology.hl7.org/CodeSystem/v2-0131"],
      "oids" : ["2.16.840.1.113883.4.642.3.1130"],
      "sources" : ["2.16.840.1.113883.4.642.3.1130"],
      "uses" : {
      },
      "StructureDefinition-fr-patient.html" : "Patient français"
    },
    {
      "url" : "https://interop.esante.gouv.fr/ig/fhir/medication-example/ValueSet/EyeColorVS",
      "version" : "0.1.0",
      "status" : "draft",
      "name" : "EyeColorVS",
      "title" : "EyeColor Value Set",
      "description" : "Different eye colors.",
      "systems" : ["http://snomed.info/sct"],
      "uses" : {
      },
      "StructureDefinition-EyeColor.html" : "EyeColor"
    },
    {
      "url" : "https://interop.esante.gouv.fr/ig/fhir/medication-example/ValueSet/MeltingPotVS",
      "version" : "0.1.0",
      "status" : "draft",
      "name" : "MeltingPotVS",
      "title" : "Melting Pot Value Set",
      "description" : "Melting Pot Value Set.",
      "systems" : [
        "https://interop.esante.gouv.fr/ig/fhir/medication-example/CodeSystem/type-carte-code-system",
        "https://interop.esante.gouv.fr/ig/fhir/medication-example/CodeSystem/competence-code-system",
        "http://snomed.info/sct"
      ]
    },
    {
      "url" : "https://interop.esante.gouv.fr/ig/fhir/medication-example/ValueSet/ModifiedAdministrativeGender",
      "version" : "0.1.0",
      "status" : "draft",
      "name" : "ModifiedAdministrativeGender",
      "title" : "ModifiedAdministrativeGender",
      "description" : "AdministrativeGender without unknown code",
      "systems" : ["http://hl7.org/fhir/administrative-gender"],
      "uses" : {
      },
      "StructureDefinition-fr-patient.html" : "Patient français"
    },
    {
      "url" : "https://interop.esante.gouv.fr/ig/fhir/medication-example/ValueSet/TypeCarteVS",
      "version" : "0.1.0",
      "status" : "draft",
      "name" : "TypeCarteVS",
      "title" : "Type Carte Value Set",
      "description" : "Type Carte Value Set.",
      "systems" : [
        "https://interop.esante.gouv.fr/ig/fhir/medication-example/CodeSystem/type-carte-code-system"
      ]
    }
  ]
}
