{
  "codeSystems" : [
    {
      "url" : "https://interop.esante.gouv.fr/ig/fhir/medication-example/ValueSet/EyeColorVS",
      "version" : "0.1.0",
      "status" : "draft",
      "name" : "EyeColorVS",
      "title" : "EyeColor Value Set",
      "description" : "Different eye colors.",
      "systems" : ["http://snomed.info/sct"]
    },
    {
      "url" : "https://interop.esante.gouv.fr/ig/fhir/medication-example/ValueSet/MeltingPotVS",
      "version" : "0.1.0",
      "status" : "draft",
      "name" : "MeltingPotVS",
      "title" : "Melting Pot Value Set",
      "description" : "Melting Pot Value Set.",
      "systems" : [
        "https://interop.esante.gouv.fr/ig/fhir/medication-example/CodeSystem/type-carte-code-system",
        "https://interop.esante.gouv.fr/ig/fhir/medication-example/CodeSystem/competence-code-system",
        "http://snomed.info/sct"
      ]
    },
    {
      "url" : "https://interop.esante.gouv.fr/ig/fhir/medication-example/ValueSet/ModifiedAdministrativeGender",
      "version" : "0.1.0",
      "status" : "draft",
      "name" : "ModifiedAdministrativeGender",
      "title" : "ModifiedAdministrativeGender",
      "description" : "AdministrativeGender without unknown code",
      "systems" : ["http://hl7.org/fhir/administrative-gender"]
    },
    {
      "url" : "https://interop.esante.gouv.fr/ig/fhir/medication-example/ValueSet/TypeCarteVS",
      "version" : "0.1.0",
      "status" : "draft",
      "name" : "TypeCarteVS",
      "title" : "Type Carte Value Set",
      "description" : "Type Carte Value Set.",
      "systems" : [
        "https://interop.esante.gouv.fr/ig/fhir/medication-example/CodeSystem/type-carte-code-system"
      ]
    }
  ]
}
